{
  "total_exams": 22,
  "total_students": 3000,
  "total_time_periods": 22,
  "classroom_utilization": {
    "3": [
      908.6956521739131,
      873.913043478261,
      878.2608695652174,
      902.1739130434784,
      904.3478260869565,
      978.2608695652174,
      967.3913043478261,
      819.5652173913043,
      893.4782608695652,
      873.913043478261,
      876.086956521739,
      902.1739130434784,
      817.3913043478261,
      880.4347826086957,
      880.4347826086957,
      993.4782608695652,
      895.6521739130435,
      852.1739130434784,
      934.7826086956521,
      873.913043478261,
      858.6956521739131,
      978.2608695652174
    ]
  },
  "instructor_workload": {
    "0be1929c-a780-4078-9e98-6df4cf99c936": 2,
    "79463069-f838-4edd-9438-cdc4c95e75a2": 2,
    "449de61b-f2b5-406f-8445-17b960996d0a": 1,
    "fe8c95dc-f314-472c-a317-83d7bb76fbc9": 1,
    "2d1f121d-f3ba-48f9-aff2-b38da7db30cf": 1,
    "309c4ad8-2776-4955-b1b5-8ab5409090ad": 1,
    "2f638a13-eb24-4d61-ad54-7aaf0b822823": 1,
    "d8e46018-304b-49b7-bb5b-d128007be5bd": 1,
    "e09c188d-aea7-4cf2-9bb6-6eed739db033": 1,
    "61b6a185-51b2-47f0-bfa2-7c6615e9e145": 2,
    "80dad91e-02f0-4182-ae63-9bfe710a66b9": 1,
    "cff4ee54-8789-46e5-a995-15c0dea35275": 1,
    "57a87455-1a19-4d48-90c9-bd9040670f85": 1,
    "2086fb93-7036-4127-b46f-14b11794fd56": 1,
    "295c30fe-615a-4769-bade-21c7e3e975a9": 1,
    "6ddac491-3bfa-420a-8098-f3c741f530b6": 1,
    "8913dd3b-624d-4610-837e-ca0063075e6b": 2,
    "bf20d0e5-4b79-481a-92d6-3b159ce4d4a0": 1
  },
  "time_period_usage": {
    "1": 1,
    "3": 1,
    "6": 1,
    "8": 1,
    "9": 1,
    "11": 1,
    "13": 1,
    "14": 1,
    "15": 1,
    "16": 1,
    "18": 1,
    "19": 1,
    "21": 1,
    "22": 1,
    "24": 1,
    "25": 1,
    "26": 1,
    "28": 1,
    "29": 1,
    "46": 1,
    "48": 1,
    "54": 1
  },
  "system_info": {
    "data_directory": "datasets",
    "output_directory": "output",
    "execution_time": 0.056349992752075195,
    "success": true
  }
}